group,n,bsw0,bsw0_rate
erst,11811,57,0.004826009652019304
no_erst,83235,460,0.005526521295128251
urne,66405,481,0.00724343046457345
brief,28640,36,0.0012569832402234637
