id,land,wkr,gem,bsw,bd,valid,pred,p0,rz
1,SH,7,"Wedel, Stadt",0,31,780,4.297455688096815,2.7693760102236073e-15,-4.297455688096815
2,NI,52,Katlenburg-Lindau,0,16,544,3.75252540584995,1.36278122390433e-09,-3.75252540584995
3,SN,157,Reinhardtsdorf-Schöna,0,12,152,6.997048362093655,2.4046682556099294e-05,-6.997048362093656
