id,land,wkr,gem,bsw,bd,valid,pred,p0,rz
1,SH,7,"Wedel, Stadt",0,31,780,4.357478706203266,1.734020128678159e-15,-4.357478706203266
2,NI,52,Katlenburg-Lindau,0,16,544,3.273066485491104,1.8500248341791595e-08,-3.273066485491104
3,SN,157,Reinhardtsdorf-Schöna,0,12,152,7.260152660752086,1.6120286560414095e-05,-7.260152660752086
