param,value
pi_mle,0.24391699225412686
pi_ci_lo,0.23933140252296956
pi_ci_hi,0.24886595444146775
mu_logp0_prob,11.674809981602369
mu_logp0_norm,5.30453776822034
p_cross,0.92504
median_missing,13110.5
