param,value
pi_mle,0.24911117323530385
pi_ci_lo,0.2446795958265359
pi_ci_hi,0.2536993178885253
mu_logp0_prob,9.45770022879677
mu_logp0_norm,4.312037774800964
p_cross,0.93312
median_missing,13233.0
