param,value
pi_mle,0.2491313700266959
pi_ci_lo,0.24484808235896754
pi_ci_hi,0.25355715437121196
mu_logp0_prob,9.410962369358561
mu_logp0_norm,4.440100875713111
p_cross,0.9326
median_missing,13211.0
