metric,value
flags_obs,79.0
flags_null_p5,36.0
flags_null_med,46.0
flags_null_p95,59.0
flags_p,0.005
pi_obs,0.24911117317739206
pi_null_p5,0.23706204559480373
pi_null_med,0.240396440348498
pi_null_p95,0.24258786442946695
pi_p,0.005
