metric,value
flags_obs,74.0
flags_null_p5,23.0
flags_null_med,31.0
flags_null_p95,43.04999999999998
flags_p,0.005
pi_obs,0.24394901333380728
pi_null_p5,0.2408490079525577
pi_null_med,0.24311612690348813
pi_null_p95,0.24566051211919074
pi_p,0.2935
