f,n_apply,median,p_cross,ci5,ci95
0.01,950,289.0,0.0,182.0,430.0
0.02,1900,578.0,0.0,369.0,855.0
0.05,4752,1445.0,0.0,925.95,2149.0499999999993
0.1,9504,2889.0,0.0,1858.95,4291.0
0.15,14256,4340.5,0.0004,2778.95,6435.0
0.2,19009,5782.0,0.0155,3715.95,8564.249999999996
0.3,28513,8675.0,0.3557,5575.9,12852.05
0.5,47523,14457.0,0.9391,9306.0,21411.05
0.75,71284,21683.5,0.9966,13959.0,32143.449999999993
1.0,95046,28927.0,0.9999,18625.9,42800.05
